Name,Data
current,59.55101182205033
voltage,317.1746503126972
max_temp,0.0
avg_temp,0.0
max_cell_voltage,0.0
min_cell_voltage,0.0
total_voltage,317.1746503126972
soc,8.79787856152722
