Name,Data
current,63.05150682425747
voltage,317.1728713008711
max_temp,0.0
avg_temp,0.0
max_cell_voltage,0.0
min_cell_voltage,0.0
total_voltage,317.1728713008711
soc,8.692478030645354
